﻿vehicle_id,vehicle_no,ton_class,fuel_type,total_distance_km,expected_fuel_l,expected_low,expected_high,actual_fuel_l,refuel_cnt,night_refuel_cnt,flag_over_tank,flag_day_over_4,flag_fuel_over_expected,flag_station_conc_80p,anomaly_confirmed,anomaly_level,anomaly_reason
V002,BUSAN34B5678,5,DIESEL,175.0,41.666666666666664,37.5,45.833333333333336,200.0,1,0,True,False,True,True,True,HIGH,OVER_TANK|FUEL_OVER_EXPECTED|STATION_CONCENTRATION
V003,GYEONGGI56C9012,8,DIESEL,320.0,91.42857142857143,82.28571428571429,100.57142857142858,300.0,1,0,True,False,True,True,True,HIGH,OVER_TANK|FUEL_OVER_EXPECTED|STATION_CONCENTRATION
V004,JEONNAM78D3456,12,DIESEL,40.0,14.285714285714286,12.857142857142858,15.714285714285717,500.0,1,0,True,False,True,True,True,HIGH,OVER_TANK|FUEL_OVER_EXPECTED|STATION_CONCENTRATION
V005,GYEONGBUK90E7890,10,LPG,210.0,70.0,63.0,77.0,150.0,1,0,False,False,True,True,True,HIGH,FUEL_OVER_EXPECTED|STATION_CONCENTRATION
V042,CHUNGBUK34E7971,12,DIESEL,3657.2,912.0199501246883,820.8179551122195,1003.2219451371573,910.25,8,0,False,True,False,True,True,HIGH,MANY_REFUELS_PER_DAY|STATION_CONCENTRATION
V001,SEOUL12A3456,3,DIESEL,500.0,100.0,90.0,110.00000000000001,250.0,2,0,True,False,True,False,True,MEDIUM,OVER_TANK|FUEL_OVER_EXPECTED
V006,JEONNAM30B1466,10,DIESEL,3325.3,752.3303167420815,677.0972850678734,827.5633484162897,544.38,5,2,False,False,False,True,False,LOW,STATION_CONCENTRATION|FUEL_UNDER_EXPECTED
V011,JEONNAM90D2585,10,DIESEL,3477.6,858.6666666666666,772.8,944.5333333333334,847.72,7,0,False,False,False,True,False,LOW,STATION_CONCENTRATION
V014,JEJU33B5859,12,DIESEL,3859.3,987.0332480818414,888.3299232736573,1085.7365728900256,887.6800000000001,5,0,False,False,False,True,False,LOW,STATION_CONCENTRATION|FUEL_UNDER_EXPECTED
V015,GANGWON98A6463,12,DIESEL,3744.5,1082.2254335260116,974.0028901734104,1190.4479768786127,789.7,4,0,False,False,False,True,False,LOW,STATION_CONCENTRATION|FUEL_UNDER_EXPECTED
V016,BUSAN42C6892,8,DIESEL,3195.5,613.3397312859885,552.0057581573897,674.6737044145874,614.19,7,0,False,False,False,True,False,LOW,STATION_CONCENTRATION
V018,BUSAN87C4840,8,DIESEL,3075.6000000000004,702.1917808219179,631.9726027397261,772.4109589041097,715.0899999999999,6,0,False,False,False,True,False,LOW,STATION_CONCENTRATION
V020,JEONNAM32E2678,10,DIESEL,3788.7,830.8552631578948,747.7697368421053,913.9407894736844,868.08,7,1,False,False,False,True,False,LOW,STATION_CONCENTRATION
V023,JEONNAM46A1663,10,DIESEL,3526.9,1123.216560509554,1010.8949044585986,1235.5382165605095,1029.86,8,0,False,False,False,True,False,LOW,STATION_CONCENTRATION
V028,BUSAN28B2986,12,DIESEL,3528.4,787.5892857142857,708.8303571428571,866.3482142857143,790.81,4,1,False,False,False,True,False,LOW,STATION_CONCENTRATION
V030,DAEJEON16D7287,5,DIESEL,2437.0,389.92,350.928,428.91200000000003,325.5,3,0,False,False,False,True,False,LOW,STATION_CONCENTRATION|FUEL_UNDER_EXPECTED
V032,DAEJEON57C5499,8,DIESEL,3130.9,726.4269141531323,653.784222737819,799.0696055684456,560.74,7,0,False,False,False,True,False,LOW,STATION_CONCENTRATION|FUEL_UNDER_EXPECTED
V033,ULSAN98C3200,3,DIESEL,2354.4,348.28402366863907,313.4556213017752,383.112426035503,285.6,3,0,False,False,False,True,False,LOW,STATION_CONCENTRATION|FUEL_UNDER_EXPECTED
V035,JEJU16C5496,12,DIESEL,3953.6,961.9464720194646,865.7518248175182,1058.1411192214111,692.13,4,0,False,False,False,True,False,LOW,STATION_CONCENTRATION|FUEL_UNDER_EXPECTED
V038,BUSAN55E2060,10,DIESEL,3118.5,742.5,668.25,816.7500000000001,709.08,6,1,False,False,False,True,False,LOW,STATION_CONCENTRATION
V040,GANGWON76B8455,5,DIESEL,2819.5,474.66329966329965,427.1969696969697,522.1296296296297,371.84,5,0,False,False,False,True,False,LOW,STATION_CONCENTRATION|FUEL_UNDER_EXPECTED
V043,DAEGU25D7002,3,DIESEL,2361.3,350.8618127786033,315.775631500743,385.94799405646364,342.32,8,0,False,False,False,True,False,LOW,STATION_CONCENTRATION
V044,GYEONGGI95C4769,10,DIESEL,3533.4,827.4941451990634,744.7447306791571,910.2435597189698,654.03,5,0,False,False,False,True,False,LOW,STATION_CONCENTRATION|FUEL_UNDER_EXPECTED
V045,GWANGJU61B4854,12,DIESEL,3865.1,1064.7658402203856,958.2892561983471,1171.2424242424242,814.23,5,1,False,False,False,True,False,LOW,STATION_CONCENTRATION|FUEL_UNDER_EXPECTED
V007,ULSAN12E1769,8,DIESEL,2905.2,652.8539325842696,587.5685393258427,718.1393258426966,624.8199999999999,6,0,False,False,False,False,False,NONE,
V008,JEJU51D3747,5,DIESEL,2642.7,479.61887477313974,431.6569872958258,527.5807622504537,480.86,8,0,False,False,False,False,False,NONE,
V009,JEONBUK12E4890,8,DIESEL,3352.0,575.9450171821305,518.3505154639175,633.5395189003436,522.14,5,1,False,False,False,False,False,NONE,
V010,DAEJEON62B7235,3,DIESEL,2607.9,458.3304042179262,412.4973637961336,504.1634446397188,285.6,3,0,False,False,False,False,False,NONE,FUEL_UNDER_EXPECTED
V012,GYEONGBUK63E7873,5,DIESEL,2509.8,379.69742813918305,341.72768532526476,417.6671709531014,364.25,5,0,False,False,False,False,False,NONE,
V013,GYEONGBUK24D2016,5,DIESEL,2484.5,446.05026929982046,401.4452423698384,490.65529622980256,334.53999999999996,4,0,False,False,False,False,False,NONE,FUEL_UNDER_EXPECTED
V017,GANGWON32E3731,5,DIESEL,2741.4,533.3463035019456,480.01167315175104,586.6809338521402,337.04999999999995,4,0,False,False,False,False,False,NONE,FUEL_UNDER_EXPECTED
V019,GANGWON86C1863,8,DIESEL,3148.7,692.021978021978,622.8197802197802,761.2241758241759,689.86,6,0,False,False,False,False,False,NONE,
V021,JEONNAM95D3693,10,DIESEL,3859.6,936.7961165048544,843.1165048543689,1030.4757281553398,657.3199999999999,5,0,False,False,False,False,False,NONE,FUEL_UNDER_EXPECTED
V022,JEONBUK98A2306,10,DIESEL,3816.3,831.4379084967321,748.2941176470589,914.5816993464055,577.0899999999999,4,1,False,False,False,False,False,NONE,FUEL_UNDER_EXPECTED
V024,DAEGU61D4581,3,DIESEL,2418.5,366.43939393939394,329.79545454545456,403.08333333333337,268.46999999999997,4,1,False,False,False,False,False,NONE,FUEL_UNDER_EXPECTED
V025,SEOUL10C6249,8,DIESEL,3469.4,750.952380952381,675.8571428571429,826.0476190476192,732.89,8,1,False,False,False,False,False,NONE,
V026,JEJU64C5218,5,DIESEL,2883.7,453.4119496855345,408.07075471698107,498.75314465408803,352.79999999999995,3,0,False,False,False,False,False,NONE,FUEL_UNDER_EXPECTED
V027,DAEGU25A5282,12,DIESEL,3924.7999999999997,1038.3068783068784,934.4761904761906,1142.1375661375664,680.36,4,1,False,False,False,False,False,NONE,FUEL_UNDER_EXPECTED
V029,JEJU10C9155,10,DIESEL,3510.9,803.4096109839817,723.0686498855836,883.7505720823799,445.20000000000005,3,0,False,False,False,False,False,NONE,FUEL_UNDER_EXPECTED
V031,DAEGU57D5548,3,DIESEL,2597.8,443.31058020477815,398.9795221843003,487.641638225256,455.08000000000004,8,0,False,False,False,False,False,NONE,
V034,GYEONGGI50D9352,5,DIESEL,3005.6,507.7027027027027,456.93243243243245,558.472972972973,433.39,4,0,False,False,False,False,False,NONE,FUEL_UNDER_EXPECTED
V036,CHUNGNAM39E9754,10,DIESEL,3669.4,1005.3150684931508,904.7835616438357,1105.846575342466,571.25,4,0,False,False,False,False,False,NONE,FUEL_UNDER_EXPECTED
V037,CHUNGNAM37A8996,8,DIESEL,3128.9,650.4989604989605,585.4490644490645,715.5488565488566,645.85,7,0,False,False,False,False,False,NONE,
V039,GYEONGBUK94A4327,3,DIESEL,2822.3,446.5664556962025,401.9098101265823,491.22310126582283,384.88,7,0,False,False,False,False,False,NONE,FUEL_UNDER_EXPECTED
V041,GYEONGNAM26A8560,5,DIESEL,2789.7,471.23310810810807,424.1097972972973,518.356418918919,428.56,5,1,False,False,False,False,False,NONE,
