﻿vehicle_id,vehicle_no,ton_class,fuel_type,tank_capacity_l,avg_eff_km_per_l,owner_type,region
V001,SEOUL12A3456,3,DIESEL,120,5.0,INDIVIDUAL,SEOUL
V002,BUSAN34B5678,5,DIESEL,150,4.2,LEASED,BUSAN
V003,GYEONGGI56C9012,8,DIESEL,200,3.5,CORPORATE,GYEONGGI
V004,JEONNAM78D3456,12,DIESEL,300,2.8,LEASED,JEONNAM
V005,GYEONGBUK90E7890,10,LPG,180,3.0,INDIVIDUAL,GYEONGBUK
V006,JEONNAM30B1466,10,DIESEL,240,4.42,INDIVIDUAL,JEONNAM
V007,ULSAN12E1769,8,DIESEL,193,4.45,COMPANY,ULSAN
V008,JEJU51D3747,5,DIESEL,143,5.51,INDIVIDUAL,JEJU
V009,JEONBUK12E4890,8,DIESEL,205,5.82,COMPANY,JEONBUK
V010,DAEJEON62B7235,3,DIESEL,136,5.69,INDIVIDUAL,DAEJEON
V011,JEONNAM90D2585,10,DIESEL,255,4.05,COMPANY,JEONNAM
V012,GYEONGBUK63E7873,5,DIESEL,167,6.61,INDIVIDUAL,GYEONGBUK
V013,GYEONGBUK24D2016,5,DIESEL,154,5.57,COMPANY,GYEONGBUK
V014,JEJU33B5859,12,DIESEL,324,3.91,COMPANY,JEJU
V015,GANGWON98A6463,12,DIESEL,292,3.46,INDIVIDUAL,GANGWON
V016,BUSAN42C6892,8,DIESEL,213,5.21,COMPANY,BUSAN
V017,GANGWON32E3731,5,DIESEL,148,5.14,COMPANY,GANGWON
V018,BUSAN87C4840,8,DIESEL,198,4.38,COMPANY,BUSAN
V019,GANGWON86C1863,8,DIESEL,204,4.55,COMPANY,GANGWON
V020,JEONNAM32E2678,10,DIESEL,250,4.56,COMPANY,JEONNAM
V021,JEONNAM95D3693,10,DIESEL,243,4.12,INDIVIDUAL,JEONNAM
V022,JEONBUK98A2306,10,DIESEL,246,4.59,INDIVIDUAL,JEONBUK
V023,JEONNAM46A1663,10,DIESEL,255,3.14,COMPANY,JEONNAM
V024,DAEGU61D4581,3,DIESEL,118,6.6,COMPANY,DAEGU
V025,SEOUL10C6249,8,DIESEL,198,4.62,INDIVIDUAL,SEOUL
V026,JEJU64C5218,5,DIESEL,168,6.36,INDIVIDUAL,JEJU
V027,DAEGU25A5282,12,DIESEL,303,3.78,INDIVIDUAL,DAEGU
V028,BUSAN28B2986,12,DIESEL,313,4.48,COMPANY,BUSAN
V029,JEJU10C9155,10,DIESEL,212,4.37,COMPANY,JEJU
V030,DAEJEON16D7287,5,DIESEL,155,6.25,COMPANY,DAEJEON
V031,DAEGU57D5548,3,DIESEL,122,5.86,COMPANY,DAEGU
V032,DAEJEON57C5499,8,DIESEL,180,4.31,COMPANY,DAEJEON
V033,ULSAN98C3200,3,DIESEL,136,6.76,INDIVIDUAL,ULSAN
V034,GYEONGGI50D9352,5,DIESEL,169,5.92,INDIVIDUAL,GYEONGGI
V035,JEJU16C5496,12,DIESEL,319,4.11,INDIVIDUAL,JEJU
V036,CHUNGNAM39E9754,10,DIESEL,238,3.65,COMPANY,CHUNGNAM
V037,CHUNGNAM37A8996,8,DIESEL,221,4.81,INDIVIDUAL,CHUNGNAM
V038,BUSAN55E2060,10,DIESEL,252,4.2,COMPANY,BUSAN
V039,GYEONGBUK94A4327,3,DIESEL,131,6.32,INDIVIDUAL,GYEONGBUK
V040,GANGWON76B8455,5,DIESEL,144,5.94,COMPANY,GANGWON
V041,GYEONGNAM26A8560,5,DIESEL,150,5.92,COMPANY,GYEONGNAM
V042,CHUNGBUK34E7971,12,DIESEL,307,4.01,INDIVIDUAL,CHUNGBUK
V043,DAEGU25D7002,3,DIESEL,137,6.73,INDIVIDUAL,DAEGU
V044,GYEONGGI95C4769,10,DIESEL,237,4.27,INDIVIDUAL,GYEONGGI
V045,GWANGJU61B4854,12,DIESEL,301,3.63,INDIVIDUAL,GWANGJU
